surname,count,country
Martin,23014,FR
Martin,19795,FR
Diallo,11583,FR
Bernard,11180,FR
Ben,10511,FR
Michel,10390,FR
Thomas,10370,FR
David,10259,FR
Dubois,10115,FR
Garcia,9948,FR
Petit,9761,FR
Ali,9651,FR
Laurent,9381,FR
Dupont,9336,FR
Durand,9328,FR
Richard,9304,FR
Dubois,9219,FR
Robert,9100,FR
Dupont,8932,FR
Camara,8639,FR
Mohamed,8607,FR
Da Silva,8572,FR
Bernard,8519,FR
Garcia,8509,FR
Petit,8438,FR
Marie,8429,FR
Simon,8208,FR
Durand,8130,FR
Thomas,8100,FR
Lefebvre,8015,FR
Leroy,7854,FR
Ahmed,7839,FR
Moreau,7806,FR
Ben,7499,FR
Richard,7432,FR
Martinez,7420,FR
Pereira,7395,FR
Ferreira,7363,FR
Leroy,6905,FR
Traore,6900,FR
Robert,6878,FR
,6869,FR
Lopez,6853,FR
Simon,6799,FR
Lopez,6734,FR
Da Silva,6721,FR
Moreau,6704,FR
Lefebvre,6694,FR
Laurent,6681,FR
Michel,6624,FR
Martinez,6506,FR
Nicolas,6323,FR
Vincent,6320,FR
Pierre,6313,FR
Sanchez,6203,FR
David,6108,FR
Khan,6095,FR
Legrand,6026,FR
Jean,5976,FR
Singh,5970,FR
Bertrand,5933,FR
Rodrigues,5882,FR
Fernandes,5863,FR
Pereira,5819,FR
Rose,5762,FR
Ferreira,5732,FR
Lambert,5615,FR
Fournier,5608,FR
Diallo,5505,FR
Muller,5453,FR
Morel,5418,FR
,5258,FR
Sanchez,5251,FR
Roux,5247,FR
Gomes,5174,FR
Fontaine,5152,FR
Perez,5120,FR
Dos Santos,5093,FR
Girard,5069,FR
Rousseau,5052,FR
Philippe,5027,FR
Blanc,5010,FR
Nguyen,4994,FR
Rodrigues,4983,FR
Mercier,4980,FR
Fernandez,4977,FR
Rodriguez,4976,FR
Martins,4945,FR
Ba,4930,FR
Lucas,4914,FR
Mathieu,4899,FR
Silva,4838,FR
Bertrand,4833,FR
Fernandes,4805,FR
Henry,4794,FR
Adam,4778,FR
Lambert,4754,FR
Chevalier,4740,FR
Morel,4723,FR
Lopes,4719,FR
Legrand,4714,FR
Fournier,4709,FR
Bonnet,4703,FR
Garnier,4666,FR
Nguyen,4645,FR
Rousseau,4639,FR
Denis,4637,FR
Olivier,4628,FR
Vincent,4545,FR
Duval,4545,FR
Marie,4536,FR
Lefevre,4518,FR
Muller,4504,FR
Perez,4490,FR
Girard,4478,FR
Fontaine,4461,FR
Ndiaye,4451,FR
Coulibaly,4439,FR
Robin,4423,FR
Roux,4367,FR
Mercier,4353,FR
Roussel,4344,FR
Gauthier,4333,FR
Toure,4332,FR
Perrin,4295,FR
Lemaire,4257,FR
Faure,4244,FR
Daniel,4236,FR
Louis,4224,FR
Fernandez,4183,FR
Gautier,4165,FR
Sylla,4139,FR
Fofana,4132,FR
Garnier,4128,FR
Blanc,4121,FR
Andre,4093,FR
Masson,4092,FR
Morin,4083,FR
Francois,4081,FR
Rodriguez,4074,FR
Camara,4022,FR
Dumont,4019,FR
Diaby,4010,FR
Lou,4002,FR
Dos Santos,4000,FR
Bonnet,3984,FR
Diarra,3963,FR
Ribeiro,3948,FR
Chevalier,3945,FR
Duval,3941,FR
Gomes,3938,FR
Cisse,3936,FR
Marchand,3927,FR
Julien,3910,FR
Martins,3904,FR
Line,3866,FR
Goncalves,3830,FR
Amg,3822,FR
Meyer,3812,FR
Lopes,3809,FR
Alves,3803,FR
Santos,3799,FR
Caron,3788,FR
Boyer,3779,FR
Perrin,3779,FR
Dufour,3773,FR
Costa,3772,FR
Gauthier,3768,FR
Paul,3761,FR
Mendes,3757,FR
Arnaud,3729,FR
Roger,3729,FR
Guerin,3701,FR
Momo,3701,FR
Henry,3687,FR
Guillaume,3686,FR
Lefevre,3674,FR
Roussel,3653,FR
Joly,3623,FR
Lemaire,3614,FR
Renard,3612,FR
Nicolas,3612,FR
Martin,3600,FR
Morin,3579,FR
Dumont,3569,FR
Meunier,3566,FR
Joly,3563,FR
Lucas,3553,FR
Faure,3540,FR
Mathieu,3506,FR
Gonzalez,3506,FR
Leroux,3496,FR
Denis,3489,FR
Robin,3485,FR
Clement,3482,FR
Gomez,3481,FR
Sow,3463,FR
Masson,3439,FR
Pierre,3428,FR
Silva,3420,FR
Lie,3414,FR
Vidal,3409,FR
Gautier,3406,FR
Roy,3405,FR
Brunet,3402,FR
Barbier,3389,FR
Benoit,3379,FR
Gerard,3371,FR
Meyer,3357,FR
Noel,3337,FR
Marchand,3333,FR
Da Costa,3332,FR
Keita,3332,FR
Blanchard,3321,FR
Brun,3305,FR
Dufour,3269,FR
Schmitt,3267,FR
Marques,3251,FR
Boyer,3221,FR
Colin,3207,FR
Caron,3202,FR
Gaillard,3199,FR
Charles,3196,FR
Alexandre,3195,FR
Lemoine,3186,FR
Man,3181,FR
Dupuis,3176,FR
Pinto,3174,FR
Gomez,3171,FR
Karim,3158,FR
Said,3153,FR
Jean,3118,FR
Li,3104,FR
Ma,3099,FR
Giraud,3074,FR
Mendes,3067,FR
Santos,3061,FR
Ribeiro,3056,FR
Renard,3054,FR
Pascal,3049,FR
Leclerc,3039,FR
Teixeira,3039,FR
Sissoko,3034,FR
Leroux,3029,FR
Adam,3021,FR
Alves,3016,FR
Meunier,3006,FR
Carpentier,2995,FR
Ali,2988,FR
Antoine,2969,FR
Aubert,2956,FR
Roche,2955,FR
Brunet,2954,FR
Picard,2954,FR
Renaud,2953,FR
Diop,2950,FR
Barbier,2945,FR
Smith,2940,FR
Bah,2939,FR
France,2938,FR
Roy,2938,FR
Costa,2926,FR
Guerin,2926,FR
Brun,2919,FR
Vidal,2916,FR
Gonzalez,2907,FR
Leclercq,2899,FR
Lacroix,2889,FR
Maria,2884,FR
Na,2879,FR
Ly,2865,FR
Rey,2861,FR
Schmitt,2861,FR
Fabre,2856,FR
Oliveira,2846,FR
Dupuis,2831,FR
Roger,2824,FR
Bourgeois,2812,FR
Lecomte,2811,FR
Blanchard,2809,FR
Lili,2807,FR
El,2803,FR
Vasseur,2800,FR
Dias,2797,FR
Olivier,2790,FR
Goncalves,2769,FR
Dumas,2758,FR
Sam,2758,FR
Hubert,2753,FR
Ba,2751,FR
El,2750,FR
Francois,2740,FR
Colin,2726,FR
Bou,2724,FR
Hernandez,2719,FR
Traore,2717,FR
Leclerc,2706,FR
Lemoine,2694,FR
Da Costa,2678,FR
Louis,2655,FR
Didier,2648,FR
Noel,2642,FR
Arnaud,2634,FR
Sy,2633,FR
Renaud,2633,FR
Christophe,2629,FR
Marques,2624,FR
Drame,2593,FR
Philippe,2591,FR
Clement,2589,FR
Rey,2585,FR
Klein,2584,FR
Berger,2577,FR
Aubert,2572,FR
Konate,2564,FR
François,2561,FR
Giraud,2553,FR
Monteiro,2553,FR
Bourgeois,2543,FR
Gaillard,2538,FR
Carpentier,2534,FR
Bertin,2532,FR
Sarah,2524,FR
Deschamps,2523,FR
Dia,2523,FR
Ndiaye,2521,FR
Moulin,2520,FR
Cohen,2513,FR
Moussa,2503,FR
Ruiz,2503,FR
Jacques,2493,FR
Leclercq,2489,FR
Marc,2486,FR
Thierry,2481,FR
Dumas,2480,FR
Qlf,2476,FR
Lacroix,2473,FR
Barry,2472,FR
Rolland,2462,FR
Guillot,2443,FR
Picard,2442,FR
Fabre,2414,FR
Roche,2412,FR
Andre,2412,FR
Fleury,2408,FR
Teixeira,2406,FR
Alex,2404,FR
Lecomte,2402,FR
Aubry,2399,FR
Benoit,2397,FR
La,2389,FR
Vasseur,2382,FR
Mohamed,2380,FR
Sacko,2377,FR
Ramos,2357,FR
Coco,2346,FR
Ibrahim,2328,FR
Deschamps,2328,FR
Baron,2327,FR
Guillaume,2324,FR
Diaby,2321,FR
Ch,2318,FR
Bou,2307,FR
Charles,2297,FR
Huet,2291,FR
Renault,2288,FR
Wang,2285,FR
Joseph,2280,FR
Dupuy,2278,FR
Pinto,2267,FR
Toure,2264,FR
Royer,2261,FR
Hubert,2256,FR
André,2255,FR
Schneider,2249,FR
Junior,2246,FR
Maillard,2246,FR
Guyot,2245,FR
David,2237,FR
Moreira,2234,FR
Fofana,2230,FR
Claude,2228,FR
Leblanc,2227,FR
Hassan,2224,FR
Gerard,2216,FR
Diakite,2215,FR
Bruno,2213,FR
Boucher,2210,FR
Ruiz,2210,FR
Germain,2204,FR
Paris,2203,FR
Oliveira,2199,FR
Carvalho,2191,FR
Langlois,2186,FR
Berger,2185,FR
Cousin,2184,FR
Albert,2180,FR
Rolland,2178,FR
Georges,2172,FR
Boulanger,2164,FR
Jacquet,2160,FR
Torres,2153,FR
De Sousa,2145,FR
Charpentier,2144,FR
Dias,2134,FR
Riviere,2133,FR
Julien,2128,FR
Lebrun,2128,FR
Hernandez,2127,FR
Sylla,2115,FR
Remy,2113,FR
Fleury,2108,FR
Eric,2104,FR
Marty,2103,FR
Ly,2101,FR
Bertin,2097,FR
Poirier,2088,FR
Tran,2084,FR
Klein,2083,FR
Guillot,2074,FR
Thomas,2074,FR
Diawara,2074,FR
Kone,2074,FR
De Oliveira,2070,FR
Marin,2069,FR
Gilles,2069,FR
Coulibaly,2064,FR
Moulin,2064,FR
Bailly,2052,FR
Aubry,2047,FR
Abdel,2040,FR
Rossi,2033,FR
Dembele,2027,FR
Jacob,2027,FR
Maillard,2023,FR
Sidibe,2023,FR
Zhang,2020,FR
Tavares,2019,FR
Monteiro,2018,FR
Etienne,2012,FR
Marchal,2010,FR
Alain,2008,FR
Millet,2007,FR
Laurent,2002,FR
Bel,2001,FR
Suzuki,1571,JP
Sato,1461,JP
Tanaka,1352,JP
Watanabe,1196,JP
Takahashi,1143,JP
Sato,1100,JP
Suzuki,1053,JP
Nakamura,982,JP
Yamamoto,978,JP
Tanaka,953,JP
Ito,872,JP
Kobayashi,866,JP
Takahashi,836,JP
Watanabe,835,JP
Khan,823,JP
Yamamoto,795,JP
Saito,748,JP
Nakamura,745,JP
Kato,738,JP
Yamada,737,JP
Yoshida,704,JP
Ito,695,JP
Kobayashi,664,JP
Inoue,615,JP
Singh,611,JP
Saito,609,JP
Hayashi,576,JP
Yamada,557,JP
Matsumoto,552,JP
Kimura,546,JP
Kato,528,JP
Yoshida,527,JP
Yamaguchi,522,JP
Sasaki,512,JP
Mori,479,JP
Shimizu,476,JP
Matsumoto,459,JP
Abe,432,JP
Inoue,425,JP
Madrid,67875,DZ
Mohamed,51328,DZ
Ben,36566,DZ
Amine,29335,DZ
Ahmed,24772,DZ
Ali,24470,DZ
Mca,21553,DZ
Nina,20678,DZ
Karim,18085,DZ
Tlm,17949,DZ
Oran,17816,DZ
Mosta,17159,DZ
Med,17035,DZ
Dz,15355,DZ
Hamza,15000,DZ
Milano,14922,DZ
Abdou,14719,DZ
Samir,13981,DZ
Moh,13758,DZ
Ch,12162,DZ
Amin,11794,DZ
Youcef,11679,DZ
Omar,11381,DZ
Said,11337,DZ
Walid,11271,DZ
Lacoste,10982,DZ
Usma,10962,DZ
Mimi,10865,DZ
Khaled,10733,DZ
Kamel,10592,DZ
Anoucha,10314,DZ
Ess,10061,DZ
Nour,9880,DZ
Mina,9738,DZ
Salah,9718,DZ
Sami,9708,DZ
Salim,9390,DZ
Brahim,9236,DZ
Na,9231,DZ
Mimo,9206,DZ
Alger,9079,DZ
Annaba,9013,DZ
Solo,8899,DZ
Lina,8881,DZ
Bou,8748,DZ
Ma,8719,DZ
Mourad,8507,DZ
Minoucha,8452,DZ
Kader,8422,DZ
Hakim,8312,DZ
Dadi,8245,DZ
Rachid,8134,DZ
Zaki,8103,DZ
Slimani,7971,DZ
Bilal,7963,DZ
Adel,7924,DZ
Hamid,7914,DZ
Djamel,7884,DZ
Bob,7781,DZ
Yacine,7602,DZ
Abdo,7564,DZ
Fifi,7532,DZ
Ayoub,7490,DZ
Chinwi,7447,DZ
Amir,7367,DZ
Barca,7343,DZ
Amar,7327,DZ
Fati,7282,DZ
Nabil,7249,DZ
Mkalcha,7108,DZ
Setif,7035,DZ
Farid,6935,DZ
Malak,6834,DZ
Kh,6796,DZ
Mahdi,6795,DZ
Sam,6682,DZ
Csc,6652,DZ
Zizou,6590,DZ
Sara,6440,DZ
Oussama,6356,DZ
Bel,6290,DZ
Saidi,6242,DZ
Mira,6238,DZ
Anis,6216,DZ
Kabyle,6136,DZ
Kadi,6123,DZ
Brahimi,6088,DZ
Fares,6088,DZ
Hicham,6076,DZ
Aziz,6050,DZ
Mohammed,6017,DZ
Mahbola,5888,DZ
Bba,5844,DZ
Rose,5842,DZ
Koko,5748,DZ
Rabah,5737,DZ
Malek,5718,DZ
Adem,5707,DZ
Eddine,5696,DZ
Ra,5648,DZ
Amina,5642,DZ
Maryoul,5520,DZ
Nani,5489,DZ
Mido,5451,DZ
Ski,5434,DZ
Mahboula,5411,DZ
Moussa,5354,DZ
Jijel,5347,DZ
Midou,5346,DZ
Dido,5308,DZ
Jsk,5289,DZ
Zizo,5223,DZ
Mima,5223,DZ
Amira,5218,DZ
Blida,5196,DZ
Lili,5147,DZ
Hocine,5082,DZ
Bachir,5032,DZ
Houari,5020,DZ
Adam,5019,DZ
La,5011,DZ
Aissa,5010,DZ
Mouhamed,4999,DZ
Aymen,4999,DZ
Mino,4996,DZ
London,4950,DZ
Salhi,4948,DZ
Sofiane,4890,DZ
Toufik,4874,DZ
Imad,4868,DZ
King,4836,DZ
Ha,4834,DZ
Larbi,4823,DZ
Younes,4815,DZ
Haddad,4767,DZ
Batna,4764,DZ
Dahmani,4706,DZ
Khalil,4697,DZ
Kamal,4684,DZ
Mansouri,4675,DZ
Mohamad,4669,DZ
Da,4663,DZ
Touati,4643,DZ
Ne,4619,DZ
Minou,4571,DZ
Sahraoui,4555,DZ
Biba,4493,DZ
Madridi,4488,DZ
Hadji,4472,DZ
Bejaia,4438,DZ
Rahim,4433,DZ
Maya,4433,DZ
Amel,4421,DZ
Islam,4408,DZ
Dou,4380,DZ
Akram,4376,DZ
Crb,4358,DZ
Rahmani,4351,DZ
Hamdi,4315,DZ
Bibicha,4314,DZ
Sisi,4307,DZ
Farah,4294,DZ
Abdelkader,4288,DZ
Yahia,4258,DZ
Cherif,4256,DZ
surname,count,country
Kumar,351054,IN
Singh,143595,IN
Khan,105664,IN
Yadav,76017,IN
Sharma,65865,IN
Patel,49982,IN
Das,45497,IN
Raj,43213,IN
Ali,36180,IN
Ansari,31565,IN
Singh,31284,IN
Gupta,29113,IN
Sharma,28820,IN
Kumari,26283,IN
Thakur,25229,IN
Roy,23270,IN
Rajput,23027,IN
Shaikh,22251,IN
Khan,19536,IN
Patel,19242,IN
Sk,19015,IN
Patil,18623,IN
Verma,18478,IN
Chauhan,18403,IN
Alam,18380,IN
Sahu,16578,IN
Das,16221,IN
Kumar,15677,IN
Mishra,15296,IN
Choudhary,14227,IN
Ram,13242,IN
Parmar,13082,IN
Rana,12946,IN
Mondal,12856,IN
Pal,12797,IN
Gupta,12445,IN
Saini,12076,IN
Pandey,12036,IN
Rathod,11699,IN
Prajapati,11455,IN
Ahmad,11345,IN
Nayak,10995,IN
Mandal,10524,IN
Tiwari,10413,IN
Yadav,10393,IN
Hussain,10308,IN
Shah,10232,IN
Malik,10128,IN
Bhai,9989,IN
Ahmed,9917,IN
Devi,9770,IN
Islam,9708,IN
Roy,9566,IN
Meena,9456,IN
Solanki,9250,IN
Raja,9213,IN
Sarkar,9175,IN
Chaudhary,9073,IN
Prasad,8975,IN
Soni,8845,IN
Jadhav,8611,IN
Thakur,8508,IN
Pawar,8469,IN
Thakor,8382,IN
Jha,7993,IN
Jain,7901,IN
Ghosh,7534,IN
Kashyap,7523,IN
Ray,7510,IN
Behera,7394,IN
Babu,7301,IN
Pradhan,7231,IN
Biswas,7099,IN
Reddy,6903,IN
Rawat,6834,IN
Sahoo,6424,IN
Saha,6379,IN
Nath,6335,IN
Patil,6313,IN
Naik,6240,IN
Lal,6168,IN
Paswan,6156,IN
Jain,6033,IN
Rai,6021,IN
Gurjar,6020,IN
Verma,6012,IN
Rajput,5820,IN
Joshi,5807,IN
Shinde,5758,IN
Sah,5695,IN
Pandit,5575,IN
Prakash,5505,IN
Kushwaha,5499,IN
Paul,5474,IN
Jaiswal,5454,IN
Mishra,5389,IN
Rathore,5368,IN
Barman,5319,IN
Raju,5097,IN
Chouhan,5095,IN
Pathan,5005,IN
Rao,4851,IN
Dey,4820,IN
Rani,4806,IN
Qureshi,4764,IN
Raj,4698,IN
Maurya,4595,IN
Shukla,4589,IN
Shah,4568,IN
Goswami,4557,IN
King,4546,IN
Dutta,4525,IN
Chavan,4524,IN
Sinha,4520,IN
Chauhan,4519,IN
Mahto,4422,IN
Mali,4381,IN
Vishwakarma,4380,IN
Shaikh,4378,IN
Rahman,4374,IN
Kamble,4292,IN
Chaudhari,4289,IN
Gautam,4283,IN
Dubey,4229,IN
Uddin,4211,IN
Raza,4180,IN
Mahato,4167,IN
Vijay,4140,IN
Sen,4137,IN
Gowda,4103,IN
Mehta,4074,IN
Sagar,3990,IN
Nishad,3972,IN
Sheikh,3948,IN
Giri,3919,IN
Kaur,3910,IN
Ravi,3890,IN
Bhardwaj,3871,IN
Ranjan,3804,IN
Choudhary,3774,IN
Chand,3774,IN
Panchal,3755,IN
Sahu,3744,IN
Soni,3728,IN
More,3688,IN
Rahul,3644,IN
Agarwal,3643,IN
Krishna,3638,IN
Sahani,3618,IN
Gaikwad,3607,IN
Ji,3565,IN
Vasava,3558,IN
Mani,3558,IN
Gogoi,3557,IN
Kumawat,3549,IN
Patra,3537,IN
Pandey,3504,IN
Varma,3474,IN
Debnath,3441,IN
Majhi,3420,IN
Pathak,3379,IN
Ghosh,3322,IN
Rana,3321,IN
Desai,3308,IN
Vaghela,3292,IN
Sonu,3291,IN
Jat,3264,IN
Suresh,3246,IN
Ramesh,3235,IN
Sing,3223,IN
Kalita,3212,IN
Saha,3156,IN
Sarkar,3141,IN
Jena,3099,IN
Tiwari,3080,IN
Shaw,3070,IN
Negi,3066,IN
Anand,3062,IN
Sinha,3053,IN
Priya,3047,IN
Makwana,3044,IN
Mondal,3026,IN
Ngono,3706,CM
Emmanuel,2767,CM
Moussa,2743,CM
Fotso,2463,CM
Oumarou,2449,CM
Ibrahim,2298,CM
Kengne,2296,CM
Bouba,2152,CM
Nana,2127,CM
Nana,2093,CM
Hamadou,2023,CM
Kamdem,1997,CM
Adamou,1970,CM
Yaya,1953,CM
Marie,1873,CM
Mengue,1857,CM
Aboubakar,1834,CM
Talla,1787,CM
Njoya,1729,CM
Atangana,1724,CM
Junior,1709,CM
Amadou,1677,CM
Kenfack,1673,CM
Kenfack,1670,CM
Mohamadou,1660,CM
Dongmo,1659,CM
Dongmo,1626,CM
Kengne,1606,CM
Joseph,1602,CM
Kamga,1590,CM
Ali,1567,CM
Tchinda,1546,CM
Elvis,1472,CM
Simo,1419,CM
Paul,1409,CM
Abdou,1400,CM
Issa,1396,CM
Fotso,1379,CM
Simo,1358,CM
Onana,1341,CM
Eric,1304,CM
Mohamed,1293,CM
Mahamat,1283,CM
Rose,1279,CM
Manga,1228,CM
Sali,1226,CM
Samuel,1220,CM
Oumar,1211,CM
Kenne,1197,CM
Manga,1184,CM
Abdoulaye,1174,CM
Daniel,1167,CM
Jean,1161,CM
Mballa,1158,CM
Mbarga,1149,CM
Baba,1142,CM
Kameni,1130,CM
Abba,1129,CM
Bello,1126,CM
Kenne,1109,CM
Kamga,1093,CM
Amougou,1084,CM
John,1084,CM
Mvondo,1079,CM
Nsangou,1075,CM
Ngah,1072,CM
Fokou,1071,CM
Hassan,1064,CM
David,1062,CM
Nga,1056,CM
Solange,1041,CM
Essomba,1037,CM
Maffo,1026,CM
Ndongo,1025,CM
Kameni,1024,CM
Bih,1000,CM
Kamdem,994,CM
Bright,962,CM
Ousmanou,951,CM
Eyenga,950,CM
Atangana,937,CM
Tagne,925,CM
Ngono,920,CM
Hamidou,902,CM
Njoya,892,CM
Ahmadou,884,CM
Carine,882,CM
Christian,881,CM
Martin,880,CM
Tchinda,878,CM
Mba,871,CM
Grace,855,CM
Peter,854,CM
Francis,853,CM
Mbida,846,CM
Fotsing,845,CM
Ndongo,844,CM
Flore,840,CM
Magne,833,CM
Linda,828,CM
Ernest,823,CM
Fouda,821,CM
Onana,811,CM
Noah,801,CM
Florence,794,CM
George,794,CM
Tchoffo,792,CM
Mballa,791,CM
Owona,791,CM
Laure,780,CM
Blaise,777,CM
Ateba,772,CM
Tsafack,767,CM
Donfack,764,CM
Ndi,763,CM
Mbah,756,CM
Biloa,754,CM
Silva,198837,BR
Santos,119156,BR
Oliveira,89672,BR
Lima,64785,BR
Souza,64029,BR
Alves,60570,BR
Rodrigues,56428,BR
Sousa,52163,BR
Ferreira,46906,BR
Maria,45444,BR
Pereira,44780,BR
Sousa,41259,BR
Gomes,39672,BR
Henrique,32220,BR
Costa,31926,BR
Soares,27881,BR
Martins,27685,BR
Costa,27470,BR
Ribeiro,26257,BR
Fernandes,24508,BR
Nascimento,24288,BR
Ribeiro,24060,BR
Carvalho,24014,BR
Soares,23902,BR
Lopes,23259,BR
Almeida,22861,BR
Fernandes,21899,BR
Araujo,21364,BR
Vieira,21303,BR
Nascimento,21112,BR
Lopes,20218,BR
Junior,20159,BR
Barbosa,19939,BR
Vieira,19096,BR
Cristina,19016,BR
Carvalho,18850,BR
Almeida,18848,BR
Araujo,18668,BR
Carlos,18661,BR
Barbosa,18196,BR
Rocha,17703,BR
Andrade,17086,BR
Rocha,15799,BR
Freitas,15585,BR
Nunes,15255,BR
Mendes,15055,BR
Dias,14744,BR
Marques,14378,BR
Nunes,14030,BR
Andrade,14007,BR
Batista,13991,BR
Melo,13846,BR
Freitas,13477,BR
Dias,13261,BR
Cardoso,13150,BR
Mendes,12814,BR
Marques,12745,BR
Moura,12432,BR
Cardoso,12252,BR
Moreira,12063,BR
Santana,12058,BR
Machado,12019,BR
Medeiros,11461,BR
Santana,11347,BR
Neto,11174,BR
Batista,11165,BR
Filho,11164,BR
Moreira,11033,BR
Aparecida,10895,BR
Ramos,10805,BR
Melo,10763,BR
Gabriel,10673,BR
Bezerra,10555,BR
Moura,10527,BR
Ramos,10431,BR
Luiz,10238,BR
Felipe,9859,BR
Borges,9798,BR
Morais,9716,BR
Jose,9642,BR
Rosa,9624,BR
Barros,9497,BR
Bezerra,9438,BR
Brito,9122,BR
Silva,9060,BR
Monteiro,8997,BR
Antonio,8906,BR
Medeiros,8828,BR
Borges,8787,BR
Eduardo,8778,BR
Duarte,8760,BR
Castro,8688,BR
Teixeira,8623,BR
Paulo,8565,BR
Teixeira,8465,BR
Pinheiro,8410,BR
Moraes,8306,BR
Farias,8224,BR
Francisco,8176,BR
Augusto,8053,BR
Paula,8026,BR
Morais,7985,BR
Dantas,7846,BR
Roberto,7817,BR
Cavalcante,7740,BR
Brito,7734,BR
Barros,7678,BR
Lucas,7553,BR
Monteiro,7544,BR
Pinheiro,7459,BR
Farias,7311,BR
Miranda,7292,BR
Duarte,7283,BR
Nogueira,7227,BR
Moraes,7045,BR

