forename,gender,count,country
Nicolas,M,103782,FR
Marie,F,102533,FR
David,M,93521,FR
Julien,M,89982,FR
Philippe,M,87284,FR
Christophe,M,86074,FR
Nathalie,F,84282,FR
Thomas,M,81162,FR
Sylvie,F,76701,FR
Pierre,M,75631,FR
Isabelle,F,73849,FR
Michel,M,73326,FR
Laurent,M,71647,FR
Alain,M,66262,FR
Patrick,M,65887,FR
Alexandre,M,65113,FR
Eric,M,65110,FR
Olivier,M,61835,FR
Guillaume,M,60751,FR
Sandrine,F,60722,FR
Romain,M,58736,FR
Pascal,M,58730,FR
Thierry,M,58645,FR
Sophie,F,57540,FR
Vincent,M,57279,FR
Maxime,M,57175,FR
Anthony,M,56516,FR
Christine,F,55938,FR
Catherine,F,53812,FR
Antoine,M,53253,FR
Mohamed,M,53091,FR
Martine,F,53004,FR
Jean,M,52787,FR
Julie,F,51581,FR
Kevin,M,50229,FR
Sarah,F,48695,FR
Christian,M,48493,FR
Laura,F,46823,FR
Daniel,M,46271,FR
Bruno,M,46157,FR
Franck,M,45925,FR
Patricia,F,44263,FR
Stephane,M,43417,FR
Quentin,M,42765,FR
Mathieu,M,42395,FR
Sebastien,M,41768,FR
Florian,M,41251,FR
Virginie,F,40736,FR
Didier,M,40422,FR
Camille,F,40082,FR
Benjamin,M,39741,FR
Lucas,M,39503,FR
Alexis,M,39158,FR
Manon,F,38775,FR
Marc,M,38457,FR
Alex,M,37817,FR
Christelle,F,37644,FR
Elodie,F,37007,FR
Damien,M,36969,FR
Bernard,M,36838,FR
Chantal,F,36685,FR
Paul,M,36548,FR
Corinne,F,36463,FR
Audrey,F,36422,FR
Emilie,F,36391,FR
Laurence,F,36285,FR
Marine,F,35918,FR
Sébastien,M,35656,FR
Brigitte,F,35512,FR
Arnaud,M,35443,FR
Caroline,F,34809,FR
Hugo,M,34150,FR
Anne,F,33301,FR
Frederic,M,33184,FR
Dominique,M,33072,FR
Céline,F,32879,FR
Pauline,F,32840,FR
Marion,F,32804,FR
Sylvain,M,32345,FR
Laetitia,F,31821,FR
Sandra,F,31771,FR
Jerome,M,31656,FR
Valentin,M,31605,FR
Jonathan,M,31440,FR
Mickael,M,31378,FR
Karine,F,31105,FR
Adrien,M,30675,FR
Nicole,F,30635,FR
Fabrice,M,30557,FR
Monique,F,30428,FR
Claude,M,30125,FR
Fabien,M,30036,FR
Jacques,M,29377,FR
Stéphane,M,29372,FR
Florence,F,29293,FR
Delphine,F,29049,FR
Ludovic,M,28947,FR
Valérie,F,28766,FR
Annie,F,28764,FR
Claire,F,28682,FR
Stéphanie,F,28567,FR
Dylan,M,28346,FR
Léa,F,28309,FR
Valerie,F,28253,FR
Lucie,F,27966,FR
Cyril,M,27856,FR
Louis,M,27777,FR
Sabrina,F,27738,FR
Dominique,F,27505,FR
Gilles,M,27407,FR
Jeremy,M,26975,FR
Stephanie,F,26722,FR
Ali,M,26482,FR
Cedric,M,26445,FR
Mathilde,F,26056,FR
Karim,M,25546,FR
François,M,25259,FR
Françoise,F,25189,FR
Carole,F,25183,FR
Charlotte,F,25183,FR
Frédéric,M,25117,FR
Sonia,F,24806,FR
Clément,M,24748,FR
Tony,M,24632,FR
Aurélie,F,24365,FR
Xavier,M,24338,FR
Amandine,F,24289,FR
Serge,M,24108,FR
Celine,F,24083,FR
Yann,M,24059,FR
Jordan,M,23612,FR
Denis,M,23566,FR
Nadine,F,23553,FR
Alexandra,F,23470,FR
Patrice,M,23462,FR
Enzo,M,23387,FR
Veronique,F,23170,FR
Emma,F,22831,FR
Nadia,F,22770,FR
Ahmed,M,22594,FR
Benoit,M,22466,FR
Chloé,F,22395,FR
Vanessa,F,22369,FR
Myriam,F,22258,FR
Justine,F,22096,FR
Matthieu,M,21853,FR
Baptiste,M,21782,FR
Maria,F,21694,FR
Emmanuel,M,21686,FR
Mélanie,F,21551,FR
Morgane,F,21457,FR
Véronique,F,21396,FR
Fanny,F,21294,FR
Fabienne,F,21286,FR
Cathy,F,20857,FR
Gerard,M,20518,FR
Pascale,F,20423,FR
Fred,M,20180,FR
Yannick,M,20174,FR
Mehdi,M,20153,FR
Yves,M,19929,FR
Victor,M,19867,FR
Tom,M,19635,FR
Jessica,F,19626,FR
Jérôme,M,19496,FR
Christiane,F,19492,FR
Cindy,F,19439,FR
Arthur,M,19408,FR
Evelyne,F,19127,FR
Francoise,F,18960,FR
Guy,M,18924,FR
Axel,M,18818,FR
Simon,M,18767,FR
Claudine,F,18729,FR
Jacqueline,F,18629,FR
Lionel,M,18580,FR
Cédric,M,18373,FR
Jérémy,M,18260,FR
Estelle,F,18233,FR
Clara,F,18185,FR
Charles,M,18069,FR
Samuel,M,17651,FR
Aurelie,F,17614,FR
Florent,M,17585,FR
Michael,M,17560,FR
Cécile,F,17535,FR
Theo,M,17508,FR
Elisabeth,F,17499,FR
Corentin,M,17357,FR
Francois,M,17257,FR
William,M,17236,FR
Alice,F,17186,FR
Laure,F,17172,FR
Aurore,F,17117,FR
Robert,M,16976,FR
Hélène,F,16903,FR
Jean Pierre,M,16854,FR
Nathan,M,16835,FR
Magali,F,16803,FR
Francis,M,16747,FR
Loic,M,16699,FR
Kévin,M,16584,FR
Richard,M,16443,FR
Anaïs,F,16277,FR
Jennifer,F,16219,FR
Fatima,F,16172,FR
Danielle,F,16101,FR
Annick,F,15981,FR
Max,M,15886,FR
Muriel,F,15674,FR
Bastien,M,15628,FR
Lisa,F,15481,FR
Théo,M,15315,FR
Juliette,F,15279,FR
Mireille,F,14999,FR
Thibault,M,14981,FR
Jean-Pierre,M,14797,FR
Joel,M,14734,FR
Sabine,F,14650,FR
Clement,M,14462,FR
Emmanuelle,F,14441,FR
Marina,F,14355,FR
Eva,F,14333,FR
Jocelyne,F,14304,FR
Nico,M,14286,FR
Océane,F,14260,FR
Coralie,F,14222,FR
Jean Claude,M,14156,FR
Aline,F,14065,FR
Marie,,14062,FR
Abdel,M,13992,FR
Steven,M,13939,FR
Anais,F,13851,FR
Lola,F,13815,FR
Anna,F,13755,FR
Chris,M,13750,FR
Georges,M,13749,FR
Momo,M,13733,FR
Gregory,M,13377,FR
Rachid,M,13352,FR
Hervé,M,13330,FR
Lea,F,13318,FR
Gabriel,M,13213,FR
Amélie,F,13189,FR
Michele,F,13146,FR
Luc,M,13103,FR
Rémi,M,12993,FR
Yoann,M,12967,FR
Jose,M,12942,FR
Loïc,M,12843,FR
Amine,M,12826,FR
Andre,M,12697,FR
Raphael,M,12648,FR
Severine,F,12616,FR
Adeline,F,12590,FR
Margaux,F,12562,FR
Helene,F,12558,FR
Manu,M,12554,FR
Jimmy,M,12516,FR
Martin,M,12471,FR
Josiane,F,12451,FR
Samir,M,12447,FR
Louise,F,12280,FR
Yanis,M,12279,FR
John,M,12274,FR
Carine,F,12244,FR
Angelique,F,12200,FR
Bertrand,M,12187,FR
Aurélien,M,12156,FR
Beatrice,F,12003,FR
Ben,M,11984,FR
Manuel,M,11978,FR
Nicolas,,11906,FR
Elise,F,11898,FR
Seb,M,11853,FR
Christopher,M,11849,FR
Maryse,F,11843,FR
Jeanne,F,11831,FR
Said,M,11761,FR
Lydie,F,11755,FR
Roger,M,11700,FR
Dimitri,M,11633,FR
Gérard,M,11630,FR
Lili,F,11626,FR
Herve,M,11607,FR
Angélique,F,11567,FR
Michelle,F,11499,FR
Jules,M,11239,FR
Henri,M,11235,FR
Ines,F,11227,FR
Bernadette,F,11199,FR
Joelle,F,11199,FR
Julien,,11118,FR
Sara,F,11093,FR
Colette,F,10998,FR
Nelly,F,10972,FR
Linda,F,10923,FR
Jean-Luc,M,10912,FR
Joseph,M,10895,FR
Nina,F,10892,FR
Melanie,F,10876,FR
Michèle,F,10865,FR
Antonio,M,10759,FR
Aurelien,M,10759,FR
André,M,10754,FR
Jean-Claude,M,10689,FR
Robin,M,10647,FR
Maxence,M,10615,FR
Julia,F,10611,FR
Béatrice,F,10590,FR
Cecile,F,10566,FR
Mathis,M,10524,FR
Séverine,F,10394,FR
Sam,M,10352,FR
Léo,M,10312,FR
Jacky,M,10248,FR
Alicia,F,10222,FR
Gaetan,M,10220,FR
Thibaut,M,10157,FR
Bryan,M,10143,FR
Tristan,M,10138,FR
Sofiane,M,10114,FR
Ludivine,F,10085,FR
Etienne,M,10037,FR
Julie,,9967,FR
Dorian,M,9877,FR
Jean Luc,M,9860,FR
Elisa,F,9826,FR
Mohammed,M,9752,FR
Adam,M,9741,FR
Alexia,F,9662,FR
Rachel,F,9621,FR
Kamel,M,9580,FR
Odile,F,9565,FR
Geoffrey,M,9495,FR
Agnes,F,9464,FR
Jade,F,9460,FR
Marcel,M,9454,FR
Jean-Marc,M,9451,FR
Carlos,M,9450,FR
Moussa,M,9414,FR
Morgan,M,9384,FR
Erwan,M,9337,FR
Laurie,F,9264,FR
Melissa,F,9257,FR
Greg,M,9251,FR
Omar,M,9250,FR
Leo,M,9224,FR
Josette,F,9163,FR
Oceane,F,9154,FR
Jason,M,9144,FR
Brice,M,9110,FR
Mamadou,M,9090,FR
Mélissa,F,9086,FR
Gilbert,M,9076,FR
Katia,F,9075,FR
Rose,F,9003,FR
Clémence,F,8942,FR
Ghislaine,F,8936,FR
Sophie,,8844,FR
Liliane,F,8837,FR
Jean Michel,M,8828,FR
Margot,F,8825,FR
José,M,8725,FR
Thomas,,8664,FR
Ludo,M,8648,FR
Youssef,M,8643,FR
Raphaël,M,8630,FR
Farid,M,8623,FR
Steve,M,8596,FR
Ana,F,8595,FR
Francine,F,8573,FR
Noémie,F,8553,FR
Maeva,F,8515,FR
Gaelle,F,8504,FR
Johan,M,8438,FR
Natacha,F,8427,FR
Rayan,M,8293,FR
Jean-Michel,M,8289,FR
David,,8266,FR
Agnès,F,8233,FR
Remi,M,8190,FR
Guillaume,,8182,FR
Malika,F,8176,FR
Nabil,M,8158,FR
Marco,M,8144,FR
Maurice,M,8132,FR
Camille,,8109,FR
Roland,M,8093,FR
Eliane,F,8082,FR
Maryline,F,8074,FR
Jean Marc,M,8066,FR
Viviane,F,8054,FR
Eddy,M,8033,FR
Sami,M,8014,FR
Teddy,M,8004,FR
Kelly,F,7988,FR
Maud,F,7975,FR
Denise,F,7968,FR
Hassan,M,7960,FR
Yassine,M,7950,FR
Pierre,,7945,FR
Hamza,M,7937,FR
Carla,F,7914,FR
Jean Paul,M,7905,FR
Mickaël,M,7898,FR
Remy,M,7873,FR
Yohan,M,7867,FR
Leila,F,7829,FR
Lina,F,7824,FR
Rémy,M,7808,FR
Elsa,F,7771,FR
Isa,F,7764,FR
Ibrahim,M,7763,FR
Mathias,M,7762,FR
Jo,M,7754,FR
Marion,,7674,FR
Anne Marie,F,7647,FR
Marianne,F,7612,FR
Barbara,F,7611,FR
Olivia,F,7609,FR
Laura,,7571,FR
Flo,M,7561,FR
Emeline,F,7543,FR
Brahim,M,7540,FR
Mike,M,7538,FR
Lou,F,7491,FR
Agathe,F,7482,FR
Walid,M,7478,FR
Cyrille,M,7462,FR
Victoria,F,7455,FR
Aude,F,7408,FR
Sylviane,F,7395,FR
Anne-Marie,F,7360,FR
Marine,,7324,FR
Mourad,M,7316,FR
Yvette,F,7285,FR
Marjorie,F,7276,FR
Ingrid,F,7274,FR
James,M,7252,FR
Murielle,F,7247,FR
Célia,F,7183,FR
Yohann,M,7182,FR
Pauline,,7171,FR
Audrey,,7125,FR
Romane,F,7081,FR
Johanna,F,7073,FR
Nathalie,,7070,FR
Jean Louis,M,7067,FR
Alan,M,7034,FR
Lydia,F,6946,FR
Grégory,M,6937,FR
Jean-François,M,6918,FR
Aziz,M,6916,FR
Christophe,,6886,FR
Cynthia,F,6884,FR
Alexandre,,6854,FR
Olivier,,6799,FR
Romain,,6765,FR
Benoît,M,6696,FR
Allan,M,6696,FR
Vincent,,6692,FR
Amelie,F,6689,FR
Caroline,,6683,FR
Samy,M,6674,FR
Hakim,M,6666,FR
Jean-Louis,M,6665,FR
Edouard,M,6623,FR
Mary,F,6595,FR
Ophélie,F,6591,FR
Laurine,F,6563,FR
Killian,M,6543,FR
Magalie,F,6530,FR
Jean-Paul,M,6493,FR
Mario,M,6492,FR
Charly,M,6483,FR
Salim,M,6481,FR
Dany,M,6470,FR
Miguel,M,6466,FR
Emilie,,6466,FR
Amel,F,6461,FR
Laurent,,6459,FR
Valentine,F,6446,FR
Raymond,M,6431,FR
Nadege,F,6419,FR
Rene,M,6417,FR
Edith,F,6408,FR
Hamid,M,6401,FR
Tanguy,M,6395,FR
Samira,F,6394,FR
Philippe,,6388,FR
Coco,F,6377,FR
Sarah,,6355,FR
Lilou,F,6347,FR
Jack,M,6340,FR
Elodie,,6334,FR
Aicha,F,6331,FR
Cassandra,F,6318,FR
Isabelle,,6291,FR
Rudy,M,6272,FR
Claire,,6266,FR
Céline,,6239,FR
Sandy,F,6224,FR
Jean-Marie,M,6206,FR
Gaëlle,F,6171,FR
Renaud,M,6169,FR
Anita,F,6136,FR
René,M,6113,FR
Regis,M,6108,FR
Inès,F,6101,FR
Albert,M,6067,FR
Antoine,,6050,FR
Sofia,F,6046,FR
Betty,F,6039,FR
Jean Marie,M,6033,FR
Chloe,F,6028,FR
Lucile,F,5994,FR
Amina,F,5960,FR
Samia,F,5951,FR
Tatiana,F,5931,FR
Johnny,M,5904,FR
Karima,F,5889,FR
Nora,F,5870,FR
Lucien,M,5798,FR
Jean-Baptiste,M,5795,FR
Aymeric,M,5783,FR
Paulo,M,5766,FR
Lilian,M,5711,FR
Yacine,M,5706,FR
Genevieve,F,5687,FR
Charlotte,,5678,FR
Sandrine,,5664,FR
Mustapha,M,5662,FR
Blandine,F,5645,FR
Maxime,,5638,FR
Simone,F,5618,FR
Adel,M,5592,FR
Manon,,5592,FR
Martial,M,5588,FR
Clarisse,F,5585,FR
Virginie,,5578,FR
Charline,F,5535,FR
Solange,F,5504,FR
Nanou,F,5470,FR
Claude,F,5461,FR
Jean-Philippe,M,5457,FR
Malik,M,5454,FR
Brandon,M,5424,FR
Anne,,5424,FR
Nath,F,5420,FR
Sacha,M,5405,FR
Luis,M,5402,FR
Géraldine,F,5401,FR
Yoan,M,5388,FR
Pedro,M,5383,FR
Arlette,F,5383,FR
Gael,M,5377,FR
Hicham,M,5372,FR
Celia,F,5372,FR
Nadège,F,5372,FR
Alex,F,5365,FR
Kader,M,5363,FR
Suzanne,F,5347,FR
Willy,M,5342,FR
Alison,F,5328,FR
Frédérique,F,5324,FR
Aurélie,,5286,FR
Hubert,M,5284,FR
Ryan,M,5282,FR
Daniele,F,5281,FR
Yasmine,F,5274,FR
Charlène,F,5272,FR
Mathilde,,5272,FR
Micheline,F,5261,FR
Lorenzo,M,5250,FR
Chris,F,5234,FR
Marie Christine,F,5227,FR
Claudia,F,5210,FR
Alban,M,5180,FR
Marie-Christine,F,5164,FR
Axelle,F,5149,FR
Sylvia,F,5141,FR
Gisele,F,5135,FR
Bilal,M,5131,FR
Christel,F,5122,FR
Romuald,M,5098,FR
Lise,F,5080,FR
Dany,F,5068,FR
Camille,M,5050,FR
Moha,M,5034,FR
Anissa,F,5011,FR
Tiffany,F,5009,FR
Freddy,M,5007,FR
Khalid,M,5004,FR
Yolande,F,5003,FR
Ahmad,M,51724,JO
Mohammad,M,42524,JO
Mohammed,M,17399,JO
Omar,M,16951,JO
Ali,M,15486,JO
Mahmoud,M,12410,JO
Khaled,M,9422,JO
Ahmed,M,8568,JO
Um,F,7955,JO
Mohamad,M,7927,JO
Anas,M,7880,JO
Osama,M,7222,JO
Alaa,M,7007,JO
Zaid,M,6752,JO
Abood,M,6685,JO
Yazan,M,6628,JO
Yousef,M,6619,JO
Hamza,M,6357,JO
Ibrahim,M,6306,JO
Sara,F,6274,JO
Noor,F,6099,JO
Eman,F,5874,JO
Abdullah,M,5689,JO
Mohamed,M,5295,JO
Abdallah,M,5192,JO
Amer,M,5097,JO
Om,F,4938,JO
Alaa,F,4903,JO
Abo,M,4601,JO
Rami,M,4590,JO
Amal,F,4542,JO
Emad,M,4412,JO
Abu,M,4380,JO
Laith,M,4374,JO
Ayman,M,4288,JO
Ammar,M,4266,JO
Samer,M,4176,JO
Heba,F,4036,JO
Saif,M,3952,JO
Rawan,F,3950,JO
Raed,M,3826,JO
Hala,F,3720,JO
Fadi,M,3647,JO
Farah,F,3581,JO
Mohmmad,M,3553,JO
Tareq,M,3515,JO
Rana,F,3394,JO
Mustafa,M,3312,JO
Abeer,F,3303,JO
Hanan,F,3271,JO
Hassan,M,3220,JO
Aya,F,3151,JO
Waleed,M,3060,JO
Reem,F,3051,JO
Hadeel,F,3030,JO
Haneen,F,2990,JO
Hasan,M,2948,JO
Lolo,F,2940,JO
Ashraf,M,2895,JO
Aseel,F,2888,JO
Maha,F,2873,JO
Saleh,M,2863,JO
Jamal,M,2835,JO
Manal,F,2746,JO
Amjad,M,2736,JO
Sami,M,2712,JO
Dana,F,2658,JO
Hamzeh,M,2656,JO
Maher,M,2589,JO
Malek,M,2589,JO
Bashar,M,2587,JO
Esraa,F,2560,JO
Abd,M,2466,JO
Malak,F,2430,JO
Mahmood,M,2417,JO
Rania,F,2385,JO
Rasha,F,2367,JO
Khalid,M,2339,JO
Ibrahem,M,2308,JO
Fatima,F,2282,JO
Adnan,M,2267,JO
Eyad,M,2267,JO
Abed,M,2254,JO
Salah,M,2233,JO
Asma,F,2205,JO
Belal,M,2193,JO
Marwan,M,2191,JO
Razan,F,2181,JO
Adel,M,2164,JO
Rahaf,F,2148,JO
Em,F,2147,JO
Rama,F,2134,JO
Bayan,F,2103,JO
Hani,M,2099,JO
Moath,M,2096,JO
Qusai,M,2081,JO
Odai,M,2071,JO
Wael,M,2064,JO
Maram,F,2036,JO
Feras,M,2030,JO
Mostafa,M,2013,JO
Muna,F,2011,JO
Rahul,M,42025,IN
Ajay,M,26399,IN
Sanjay,M,25972,IN
Sunil,M,25873,IN
Raj,M,24685,IN
Rajesh,M,24421,IN
Deepak,M,23811,IN
Ravi,M,23554,IN
Amit,M,23290,IN
Raju,M,23243,IN
Vijay,M,22356,IN
Anil,M,21388,IN
Manoj,M,21055,IN
Rakesh,M,20645,IN
Rohit,M,20181,IN
Sonu,M,20093,IN
Mukesh,M,19302,IN
Santosh,M,19031,IN
Ramesh,M,16271,IN
Dinesh,M,16029,IN
Suresh,M,15964,IN
Ashok,M,15565,IN
Pankaj,M,14701,IN
Manish,M,14587,IN
Suraj,M,14456,IN
Vishal,M,14293,IN
Akash,M,14175,IN
Mahesh,M,14111,IN
Sandeep,M,14048,IN
Mohd,M,13858,IN
Sachin,M,13081,IN
Vinod,M,12423,IN
Ganesh,M,12352,IN
Ram,M,12093,IN
Arun,M,11931,IN
Prakash,M,11917,IN
Abhishek,M,11791,IN
Raja,M,11719,IN
Pooja,F,11489,IN
Kumar,M,11438,IN
Krishna,M,11184,IN
Sagar,M,11149,IN
Ankit,M,10722,IN
Sk,M,10668,IN
Shubham,M,10565,IN
Chandan,M,10409,IN
Ashish,M,10173,IN
Priya,F,9973,IN
Pawan,M,9660,IN
Vikash,M,9037,IN
Pradeep,M,8930,IN
Arjun,M,8812,IN
Prince,M,8740,IN
Sumit,M,8671,IN
Aman,M,8619,IN
Jitendra,M,8588,IN
Priyanka,F,8556,IN
Akshay,M,8262,IN
Naresh,M,8118,IN
Satish,M,8088,IN
Sahil,M,8024,IN
Vikas,M,8017,IN
Karan,M,7916,IN
Neha,F,7912,IN
Yogesh,M,7883,IN
Gopal,M,7769,IN
Abdul,M,7662,IN
Dilip,M,7552,IN
Umesh,M,7477,IN
Vivek,M,7410,IN
Anand,M,7296,IN
Mohan,M,7100,IN
Arvind,M,7083,IN
Vicky,M,7002,IN
Bharat,M,6923,IN
Gaurav,M,6831,IN
Pintu,M,6820,IN
Prem,M,6711,IN
Imran,M,6705,IN
Mohit,M,6697,IN
Pramod,M,6602,IN
Sameer,M,6457,IN
Aditya,M,6441,IN
Nitin,M,6407,IN
Bablu,M,6396,IN
Sunny,M,6349,IN
Shivam,M,6331,IN
Dipak,M,6190,IN
Jyoti,F,6106,IN
Kamal,M,6084,IN
Naveen,M,5986,IN
Prashant,M,5978,IN
Kamlesh,M,5966,IN
Vikram,M,5780,IN
Kiran,M,5729,IN
Jay,M,5726,IN
Mahendra,M,5648,IN
Riya,F,5617,IN
Nilesh,M,5584,IN
Shankar,M,5565,IN
Mohammad,M,5514,IN
Govind,M,5512,IN
Sunita,F,5499,IN
Praveen,M,5490,IN
Nikhil,M,5411,IN
Rajkumar,M,5396,IN
Sandip,M,5378,IN
Ajit,M,5355,IN
Dharmendra,M,5284,IN
Monu,M,5248,IN
Babu,M,5238,IN
Vinay,M,5164,IN
Harish,M,5120,IN
Pappu,M,5095,IN
Ranjeet,M,5079,IN
Salman,M,5063,IN
Shiva,M,5061,IN
Puja,F,5056,IN
Pravin,M,5055,IN
Rajendra,M,5046,IN
Patel,M,5012,IN

